{"cameraMode":{"drawMode":0,"name":"Shaded","section":"Shading Mode"},"sceneLighting":false,"audioPlay":false,"sceneViewState":{"m_AlwaysRefresh":false,"showFog":true,"showSkybox":false,"showFlares":true,"showImageEffects":true,"showParticleSystems":true,"showVisualEffectGraphs":true,"m_FxEnabled":false},"in2DMode":false,"pivot":{"x":0.6940387487411499,"y":0.19539959728717805,"z":4.993089199066162},"rotation":{"x":0.049493614584207538,"y":-0.4602918326854706,"z":0.025726845487952234,"w":0.8860166072845459},"size":0.28318923711776736,"orthographic":false}