{"cameraMode":{"drawMode":0,"name":"Shaded","section":"Shading Mode"},"sceneLighting":true,"audioPlay":false,"sceneViewState":{"m_AlwaysRefresh":false,"showFog":true,"showSkybox":true,"showFlares":true,"showImageEffects":true,"showParticleSystems":true,"showVisualEffectGraphs":true,"m_FxEnabled":false},"in2DMode":false,"pivot":{"x":-1.1954591274261475,"y":6.969662189483643,"z":-7.04977560043335},"rotation":{"x":0.20751819014549256,"y":0.43617019057273867,"z":-0.10411633551120758,"w":0.8694120049476624},"size":0.000017328351532341912,"orthographic":false}