{"cameraMode":{"drawMode":0,"name":"Shaded","section":"Shading Mode"},"sceneLighting":false,"audioPlay":false,"sceneViewState":{"m_AlwaysRefresh":false,"showFog":true,"showSkybox":false,"showFlares":true,"showImageEffects":true,"showParticleSystems":true,"showVisualEffectGraphs":true,"m_FxEnabled":false},"in2DMode":false,"pivot":{"x":-0.4562391936779022,"y":1.2331318855285645,"z":9.780168533325196},"rotation":{"x":0.08869297802448273,"y":-0.0006281407549977303,"z":0.0000689518274157308,"w":0.9960619807243347},"size":1.8101032972335816,"orthographic":false}