{"cameraMode":{"drawMode":0,"name":"Shaded","section":"Shading Mode"},"sceneLighting":false,"audioPlay":false,"sceneViewState":{"m_AlwaysRefresh":false,"showFog":true,"showSkybox":false,"showFlares":true,"showImageEffects":true,"showParticleSystems":true,"showVisualEffectGraphs":true,"m_FxEnabled":false},"in2DMode":false,"pivot":{"x":10.749714851379395,"y":-6.003262519836426,"z":80.45982360839844},"rotation":{"x":0.05126040056347847,"y":-0.03145831450819969,"z":0.0016086171381175519,"w":0.9981894493103027},"size":43.605342864990237,"orthographic":false}